序号,材料名称,规格,单位,清单原词A,电商口语词B,京东原词有结果,京东改词有结果,1688原词有结果,1688改词有结果,详情规格能否对上,适合当参考价,备注
1,镀锌钢管,DN50×3.5 Q235 6m,m,镀锌钢管 DN50,热镀锌圆管 2寸 3.5mm,,,,,,
2,PPR给水管,De25 S3.2,m,PPR给水管 De25,PPR冷水管 25,,,,,,
3,电缆,YJV-0.6/1kV 3×16+1×10,m,电缆 YJV 3×16+1×10,YJV 3*16+1*10 电缆,,,,,,
4,断路器,iC65N 2P C32,个,断路器 iC65N 2P C32,施耐德 空气开关 2P 32A,,,,,,
5,截止阀,DN40 铜,个,截止阀 DN40,黄铜截止阀 4分 6分 1.5寸,,,,,,
6,防水卷材,SBS 3mm,㎡,SBS 防水卷材 3mm,SBS改性沥青防水卷材 3mm,,,,,,
7,水泥,P·O 42.5,t,水泥 P.O 42.5,普通硅酸盐水泥 42.5,,,,,,
8,钢筋,HRB400E Φ12,t,HRB400E 12,螺纹钢 12mm HRB400,,,,,,
9,开关面板,一位单控,个,一位单控开关,单开单控 墙壁开关,,,,,,
10,LED筒灯,开孔75 7W,个,LED筒灯 开孔75 7W,筒灯 7W 开孔75mm,,,,,,
11,,,,,,,,,
12,,,,,,,,,
13,,,,,,,,,
14,,,,,,,,,
15,,,,,,,,,
16,,,,,,,,,
17,,,,,,,,,
18,,,,,,,,,
19,,,,,,,,,
20,,,,,,,,,
